label,model,group,train_seed,noise_aware,threat,level,pert_seed,acc
bottleneck_fc_seed0,bottleneck_fc,bottleneck_fc,0,False,noise,0.0,0,99.9925
bottleneck_fc_seed0,bottleneck_fc,bottleneck_fc,0,False,noise,0.06,0,99.9475
bottleneck_fc_seed0,bottleneck_fc,bottleneck_fc,0,False,noise,0.08,0,99.185
bottleneck_fc_seed0,bottleneck_fc,bottleneck_fc,0,False,noise,0.1,0,94.4975
bottleneck_fc_seed0,bottleneck_fc,bottleneck_fc,0,False,noise,0.12,0,81.8425
bottleneck_fc_seed0,bottleneck_fc,bottleneck_fc,0,False,noise,0.14,0,68.315
bottleneck_fc_seed0,bottleneck_fc,bottleneck_fc,0,False,noise,0.16,0,59.4125
bottleneck_fc_seed0,bottleneck_fc,bottleneck_fc,0,False,noise,0.2,0,52.5025
bottleneck_fc_seed0,bottleneck_fc,bottleneck_fc,0,False,occlusion,0,0,99.9925
bottleneck_fc_seed0,bottleneck_fc,bottleneck_fc,0,False,occlusion,40,0,98.8875
bottleneck_fc_seed0,bottleneck_fc,bottleneck_fc,0,False,occlusion,80,0,95.7025
bottleneck_fc_seed0,bottleneck_fc,bottleneck_fc,0,False,occlusion,100,0,92.4375
bottleneck_fc_seed1,bottleneck_fc,bottleneck_fc,1,False,noise,0.0,0,99.9975
bottleneck_fc_seed1,bottleneck_fc,bottleneck_fc,1,False,noise,0.06,0,99.3425
bottleneck_fc_seed1,bottleneck_fc,bottleneck_fc,1,False,noise,0.08,0,95.9375
bottleneck_fc_seed1,bottleneck_fc,bottleneck_fc,1,False,noise,0.1,0,86.8725
bottleneck_fc_seed1,bottleneck_fc,bottleneck_fc,1,False,noise,0.12,0,74.0575
bottleneck_fc_seed1,bottleneck_fc,bottleneck_fc,1,False,noise,0.14,0,63.1025
bottleneck_fc_seed1,bottleneck_fc,bottleneck_fc,1,False,noise,0.16,0,56.995
bottleneck_fc_seed1,bottleneck_fc,bottleneck_fc,1,False,noise,0.2,0,54.16
bottleneck_fc_seed1,bottleneck_fc,bottleneck_fc,1,False,occlusion,0,0,99.9975
bottleneck_fc_seed1,bottleneck_fc,bottleneck_fc,1,False,occlusion,40,0,99.2775
bottleneck_fc_seed1,bottleneck_fc,bottleneck_fc,1,False,occlusion,80,0,98.495
bottleneck_fc_seed1,bottleneck_fc,bottleneck_fc,1,False,occlusion,100,0,96.7675
bottleneck_fc_seed2,bottleneck_fc,bottleneck_fc,2,False,noise,0.0,0,99.9925
bottleneck_fc_seed2,bottleneck_fc,bottleneck_fc,2,False,noise,0.06,0,98.64
bottleneck_fc_seed2,bottleneck_fc,bottleneck_fc,2,False,noise,0.08,0,92.3675
bottleneck_fc_seed2,bottleneck_fc,bottleneck_fc,2,False,noise,0.1,0,81.2125
bottleneck_fc_seed2,bottleneck_fc,bottleneck_fc,2,False,noise,0.12,0,70.2375
bottleneck_fc_seed2,bottleneck_fc,bottleneck_fc,2,False,noise,0.14,0,61.5075
bottleneck_fc_seed2,bottleneck_fc,bottleneck_fc,2,False,noise,0.16,0,56.0025
bottleneck_fc_seed2,bottleneck_fc,bottleneck_fc,2,False,noise,0.2,0,52.17
bottleneck_fc_seed2,bottleneck_fc,bottleneck_fc,2,False,occlusion,0,0,99.9925
bottleneck_fc_seed2,bottleneck_fc,bottleneck_fc,2,False,occlusion,40,0,99.68
bottleneck_fc_seed2,bottleneck_fc,bottleneck_fc,2,False,occlusion,80,0,98.7575
bottleneck_fc_seed2,bottleneck_fc,bottleneck_fc,2,False,occlusion,100,0,95.47
classic_fc_seed0,classic_fc,classic_fc,0,False,noise,0.0,0,99.9925
classic_fc_seed0,classic_fc,classic_fc,0,False,noise,0.06,0,97.055
classic_fc_seed0,classic_fc,classic_fc,0,False,noise,0.08,0,88.105
classic_fc_seed0,classic_fc,classic_fc,0,False,noise,0.1,0,74.4925
classic_fc_seed0,classic_fc,classic_fc,0,False,noise,0.12,0,61.4225
classic_fc_seed0,classic_fc,classic_fc,0,False,noise,0.14,0,53.67
classic_fc_seed0,classic_fc,classic_fc,0,False,noise,0.16,0,51.025
classic_fc_seed0,classic_fc,classic_fc,0,False,noise,0.2,0,50.0825
classic_fc_seed0,classic_fc,classic_fc,0,False,occlusion,0,0,99.9925
classic_fc_seed0,classic_fc,classic_fc,0,False,occlusion,40,0,99.5775
classic_fc_seed0,classic_fc,classic_fc,0,False,occlusion,80,0,97.32
classic_fc_seed0,classic_fc,classic_fc,0,False,occlusion,100,0,95.54
classic_fc_seed0_noiseaware,classic_fc,classic_fc,0,True,noise,0.0,0,99.995
classic_fc_seed0_noiseaware,classic_fc,classic_fc,0,True,noise,0.06,0,99.9925
classic_fc_seed0_noiseaware,classic_fc,classic_fc,0,True,noise,0.08,0,99.99
classic_fc_seed0_noiseaware,classic_fc,classic_fc,0,True,noise,0.1,0,99.99
classic_fc_seed0_noiseaware,classic_fc,classic_fc,0,True,noise,0.12,0,99.99
classic_fc_seed0_noiseaware,classic_fc,classic_fc,0,True,noise,0.14,0,99.99
classic_fc_seed0_noiseaware,classic_fc,classic_fc,0,True,noise,0.16,0,99.9825
classic_fc_seed0_noiseaware,classic_fc,classic_fc,0,True,noise,0.2,0,99.915
classic_fc_seed0_noiseaware,classic_fc,classic_fc,0,True,occlusion,0,0,99.995
classic_fc_seed0_noiseaware,classic_fc,classic_fc,0,True,occlusion,40,0,99.8325
classic_fc_seed0_noiseaware,classic_fc,classic_fc,0,True,occlusion,80,0,99.0075
classic_fc_seed0_noiseaware,classic_fc,classic_fc,0,True,occlusion,100,0,97.29
classic_fc_seed1,classic_fc,classic_fc,1,False,noise,0.0,0,99.9975
classic_fc_seed1,classic_fc,classic_fc,1,False,noise,0.06,0,66.24
classic_fc_seed1,classic_fc,classic_fc,1,False,noise,0.08,0,51.1275
classic_fc_seed1,classic_fc,classic_fc,1,False,noise,0.1,0,50.025
classic_fc_seed1,classic_fc,classic_fc,1,False,noise,0.12,0,50.0
classic_fc_seed1,classic_fc,classic_fc,1,False,noise,0.14,0,50.0
classic_fc_seed1,classic_fc,classic_fc,1,False,noise,0.16,0,50.0
classic_fc_seed1,classic_fc,classic_fc,1,False,noise,0.2,0,50.0
classic_fc_seed1,classic_fc,classic_fc,1,False,occlusion,0,0,99.9975
classic_fc_seed1,classic_fc,classic_fc,1,False,occlusion,40,0,98.8975
classic_fc_seed1,classic_fc,classic_fc,1,False,occlusion,80,0,97.945
classic_fc_seed1,classic_fc,classic_fc,1,False,occlusion,100,0,96.43
classic_fc_seed2,classic_fc,classic_fc,2,False,noise,0.0,0,99.99
classic_fc_seed2,classic_fc,classic_fc,2,False,noise,0.06,0,99.3475
classic_fc_seed2,classic_fc,classic_fc,2,False,noise,0.08,0,97.73
classic_fc_seed2,classic_fc,classic_fc,2,False,noise,0.1,0,95.45
classic_fc_seed2,classic_fc,classic_fc,2,False,noise,0.12,0,93.085
classic_fc_seed2,classic_fc,classic_fc,2,False,noise,0.14,0,90.3125
classic_fc_seed2,classic_fc,classic_fc,2,False,noise,0.16,0,86.7775
classic_fc_seed2,classic_fc,classic_fc,2,False,noise,0.2,0,77.365
classic_fc_seed2,classic_fc,classic_fc,2,False,occlusion,0,0,99.99
classic_fc_seed2,classic_fc,classic_fc,2,False,occlusion,40,0,99.81
classic_fc_seed2,classic_fc,classic_fc,2,False,occlusion,80,0,97.955
classic_fc_seed2,classic_fc,classic_fc,2,False,occlusion,100,0,95.9775
mlp_head_seed0,mlp_head,mlp_head,0,False,noise,0.0,0,99.9925
mlp_head_seed0,mlp_head,mlp_head,0,False,noise,0.06,0,99.975
mlp_head_seed0,mlp_head,mlp_head,0,False,noise,0.08,0,99.9275
mlp_head_seed0,mlp_head,mlp_head,0,False,noise,0.1,0,99.305
mlp_head_seed0,mlp_head,mlp_head,0,False,noise,0.12,0,95.745
mlp_head_seed0,mlp_head,mlp_head,0,False,noise,0.14,0,85.205
mlp_head_seed0,mlp_head,mlp_head,0,False,noise,0.16,0,70.5525
mlp_head_seed0,mlp_head,mlp_head,0,False,noise,0.2,0,51.495
mlp_head_seed0,mlp_head,mlp_head,0,False,occlusion,0,0,99.9925
mlp_head_seed0,mlp_head,mlp_head,0,False,occlusion,40,0,97.9275
mlp_head_seed0,mlp_head,mlp_head,0,False,occlusion,80,0,95.4675
mlp_head_seed0,mlp_head,mlp_head,0,False,occlusion,100,0,93.13
mlp_head_seed0_noiseaware,mlp_head,mlp_head,0,True,noise,0.0,0,99.235
mlp_head_seed0_noiseaware,mlp_head,mlp_head,0,True,noise,0.06,0,99.2375
mlp_head_seed0_noiseaware,mlp_head,mlp_head,0,True,noise,0.08,0,99.2375
mlp_head_seed0_noiseaware,mlp_head,mlp_head,0,True,noise,0.1,0,99.2325
mlp_head_seed0_noiseaware,mlp_head,mlp_head,0,True,noise,0.12,0,99.2275
mlp_head_seed0_noiseaware,mlp_head,mlp_head,0,True,noise,0.14,0,99.215
mlp_head_seed0_noiseaware,mlp_head,mlp_head,0,True,noise,0.16,0,99.215
mlp_head_seed0_noiseaware,mlp_head,mlp_head,0,True,noise,0.2,0,99.195
mlp_head_seed0_noiseaware,mlp_head,mlp_head,0,True,occlusion,0,0,99.235
mlp_head_seed0_noiseaware,mlp_head,mlp_head,0,True,occlusion,40,0,98.875
mlp_head_seed0_noiseaware,mlp_head,mlp_head,0,True,occlusion,80,0,98.035
mlp_head_seed0_noiseaware,mlp_head,mlp_head,0,True,occlusion,100,0,96.555
mlp_head_seed1,mlp_head,mlp_head,1,False,noise,0.0,0,99.99
mlp_head_seed1,mlp_head,mlp_head,1,False,noise,0.06,0,99.225
mlp_head_seed1,mlp_head,mlp_head,1,False,noise,0.08,0,93.7525
mlp_head_seed1,mlp_head,mlp_head,1,False,noise,0.1,0,78.725
mlp_head_seed1,mlp_head,mlp_head,1,False,noise,0.12,0,60.09
mlp_head_seed1,mlp_head,mlp_head,1,False,noise,0.14,0,51.735
mlp_head_seed1,mlp_head,mlp_head,1,False,noise,0.16,0,50.135
mlp_head_seed1,mlp_head,mlp_head,1,False,noise,0.2,0,50.0
mlp_head_seed1,mlp_head,mlp_head,1,False,occlusion,0,0,99.99
mlp_head_seed1,mlp_head,mlp_head,1,False,occlusion,40,0,98.1875
mlp_head_seed1,mlp_head,mlp_head,1,False,occlusion,80,0,94.1225
mlp_head_seed1,mlp_head,mlp_head,1,False,occlusion,100,0,90.6775
mlp_head_seed2,mlp_head,mlp_head,2,False,noise,0.0,0,99.995
mlp_head_seed2,mlp_head,mlp_head,2,False,noise,0.06,0,99.52
mlp_head_seed2,mlp_head,mlp_head,2,False,noise,0.08,0,93.31
mlp_head_seed2,mlp_head,mlp_head,2,False,noise,0.1,0,72.7175
mlp_head_seed2,mlp_head,mlp_head,2,False,noise,0.12,0,54.98
mlp_head_seed2,mlp_head,mlp_head,2,False,noise,0.14,0,50.485
mlp_head_seed2,mlp_head,mlp_head,2,False,noise,0.16,0,50.03
mlp_head_seed2,mlp_head,mlp_head,2,False,noise,0.2,0,50.0
mlp_head_seed2,mlp_head,mlp_head,2,False,occlusion,0,0,99.995
mlp_head_seed2,mlp_head,mlp_head,2,False,occlusion,40,0,99.5125
mlp_head_seed2,mlp_head,mlp_head,2,False,occlusion,80,0,98.4575
mlp_head_seed2,mlp_head,mlp_head,2,False,occlusion,100,0,97.505
qresnet_q4l2strong_seed0,qresnet,qresnet_q4l2strong,0,False,noise,0.0,0,99.995
qresnet_q4l2strong_seed0,qresnet,qresnet_q4l2strong,0,False,noise,0.06,0,96.3775
qresnet_q4l2strong_seed0,qresnet,qresnet_q4l2strong,0,False,noise,0.08,0,80.61
qresnet_q4l2strong_seed0,qresnet,qresnet_q4l2strong,0,False,noise,0.1,0,68.635
qresnet_q4l2strong_seed0,qresnet,qresnet_q4l2strong,0,False,noise,0.12,0,59.87
qresnet_q4l2strong_seed0,qresnet,qresnet_q4l2strong,0,False,noise,0.14,0,53.5575
qresnet_q4l2strong_seed0,qresnet,qresnet_q4l2strong,0,False,noise,0.16,0,50.89
qresnet_q4l2strong_seed0,qresnet,qresnet_q4l2strong,0,False,noise,0.2,0,50.0175
qresnet_q4l2strong_seed0,qresnet,qresnet_q4l2strong,0,False,occlusion,0,0,99.995
qresnet_q4l2strong_seed0,qresnet,qresnet_q4l2strong,0,False,occlusion,40,0,97.8525
qresnet_q4l2strong_seed0,qresnet,qresnet_q4l2strong,0,False,occlusion,80,0,95.445
qresnet_q4l2strong_seed0,qresnet,qresnet_q4l2strong,0,False,occlusion,100,0,93.8525
qresnet_q4l2strong_seed1,qresnet,qresnet_q4l2strong,1,False,noise,0.0,0,99.9975
qresnet_q4l2strong_seed1,qresnet,qresnet_q4l2strong,1,False,noise,0.06,0,99.9375
qresnet_q4l2strong_seed1,qresnet,qresnet_q4l2strong,1,False,noise,0.08,0,98.94
qresnet_q4l2strong_seed1,qresnet,qresnet_q4l2strong,1,False,noise,0.1,0,91.3575
qresnet_q4l2strong_seed1,qresnet,qresnet_q4l2strong,1,False,noise,0.12,0,81.53
qresnet_q4l2strong_seed1,qresnet,qresnet_q4l2strong,1,False,noise,0.14,0,70.0775
qresnet_q4l2strong_seed1,qresnet,qresnet_q4l2strong,1,False,noise,0.16,0,59.575
qresnet_q4l2strong_seed1,qresnet,qresnet_q4l2strong,1,False,noise,0.2,0,50.6075
qresnet_q4l2strong_seed1,qresnet,qresnet_q4l2strong,1,False,occlusion,0,0,99.9975
qresnet_q4l2strong_seed1,qresnet,qresnet_q4l2strong,1,False,occlusion,40,0,94.76
qresnet_q4l2strong_seed1,qresnet,qresnet_q4l2strong,1,False,occlusion,80,0,88.4825
qresnet_q4l2strong_seed1,qresnet,qresnet_q4l2strong,1,False,occlusion,100,0,84.465
qresnet_q4l2strong_seed2,qresnet,qresnet_q4l2strong,2,False,noise,0.0,0,99.9975
qresnet_q4l2strong_seed2,qresnet,qresnet_q4l2strong,2,False,noise,0.06,0,75.855
qresnet_q4l2strong_seed2,qresnet,qresnet_q4l2strong,2,False,noise,0.08,0,55.445
qresnet_q4l2strong_seed2,qresnet,qresnet_q4l2strong,2,False,noise,0.1,0,48.425
qresnet_q4l2strong_seed2,qresnet,qresnet_q4l2strong,2,False,noise,0.12,0,48.715
qresnet_q4l2strong_seed2,qresnet,qresnet_q4l2strong,2,False,noise,0.14,0,49.985
qresnet_q4l2strong_seed2,qresnet,qresnet_q4l2strong,2,False,noise,0.16,0,50.0
qresnet_q4l2strong_seed2,qresnet,qresnet_q4l2strong,2,False,noise,0.2,0,50.0
qresnet_q4l2strong_seed2,qresnet,qresnet_q4l2strong,2,False,occlusion,0,0,99.9975
qresnet_q4l2strong_seed2,qresnet,qresnet_q4l2strong,2,False,occlusion,40,0,98.665
qresnet_q4l2strong_seed2,qresnet,qresnet_q4l2strong,2,False,occlusion,80,0,95.9025
qresnet_q4l2strong_seed2,qresnet,qresnet_q4l2strong,2,False,occlusion,100,0,93.02
